Model,ROC-AUC
Logistic Regression,0.7079232111692845
Random Forest,0.7747062245491565
